epoch,steps,MAP,MRR@5
-1,-1,0.6827534406474566,0.6712620712620713
